user_id	movie_id	rating	timestamp
146	16	3.8687331473175197	978452893
37	21	3.112300083591439	978997978
46	82	2.127140548518936	979474698
35	83	5.0	979554952
154	35	2.388542043062968	979727854
52	29	3.8829889847409285	979768633
170	76	2.720147053778361	979847910
39	86	4.67972520836071	980644380
178	19	4.1687416555925125	980877548
53	71	1.537374308327421	980968091
181	69	1.0116726465870105	981002345
82	56	1.0	981518569
108	41	3.514273067836434	982058731
29	52	5.0	982072193
163	33	3.2970193626043427	982775001
175	5	3.6342964972477927	983301099
62	35	4.021279905013815	983426841
111	3	3.6847104747810833	983753542
89	70	4.62543478441477	984420300
92	69	3.4929550145194455	984441878
177	94	3.9215460835365614	985184237
73	11	3.807612668189196	985605081
29	12	3.8896141773709036	986014890
17	36	3.794224129013494	986030247
70	69	1.5803268438023437	986067204
153	98	2.242131844091112	986125641
169	50	3.048841141591001	986336798
41	69	4.640149038521266	986662625
57	57	4.691707497107065	986889499
43	73	2.5838080845187577	987225762
149	4	3.9961991873633163	987515401
90	70	2.4291475813155614	987688014
76	13	3.2559195263257985	988283322
167	21	3.8350580290841174	988286154
138	99	3.4139303072091067	988381898
56	6	3.4389960281446164	988622471
15	18	4.703884437168816	989175148
56	58	4.772353500106767	989603466
148	10	3.086534838876724	989938600
48	50	1.9018756481162524	990119184
39	14	4.394647187573872	990262002
134	45	3.2955287790138783	990493728
118	32	4.314151762118266	990536993
16	51	3.979441518086064	990657451
88	73	2.771922902144679	991379970
58	82	2.636506395035066	991503906
8	32	3.298508466052482	991702537
50	67	4.210549102297786	991765696
115	25	4.221135362545581	991961624
111	9	2.21283643141575	992046412
7	44	2.717996507488963	992056087
185	92	3.5774805185188625	992138753
144	5	1.9351972286379449	992821618
101	3	4.05174079991092	993234805
172	99	1.7239882459515978	993397607
146	29	4.302128458618119	994010921
173	65	3.4260524343916074	994208924
99	59	4.563940987560856	994282062
151	86	3.8496500472996935	994285242
57	39	3.8308513046155777	994491491
99	47	5.0	994758161
103	14	1.371265905585188	995113508
156	21	1.5314957865619463	995118150
132	98	2.792374105177974	995136482
143	34	4.855442801105496	995315012
21	19	3.707267329398944	995421580
26	91	2.8856768559037054	995943227
20	21	4.387290837266742	996057631
67	99	2.8932997052347034	996600135
151	34	2.4082991238606857	997647104
95	78	3.520886488295962	998224198
188	9	3.412564671222819	998328987
74	66	1.6199899660922363	998337923
90	17	3.1869419694768455	998702729
42	21	3.1705522136529085	999040974
144	90	3.5980675395389445	999216859
147	86	4.196167997159289	999285806
3	40	3.766818396295402	999492316
24	37	2.7619429163386084	1000041523
86	86	1.620075614860955	1000183323
145	52	4.6535903433169254	1000278367
155	92	4.393697689389111	1001301047
158	38	3.4242357134645403	1001350792
86	69	2.595931710264	1002643428
88	25	3.908052846836756	1003496019
38	26	4.56977145498385	1003529596
32	6	3.18176247225738	1003589005
93	11	2.173527871688917	1003758315
145	94	3.716775563762629	1004268935
173	30	3.8215932113392386	1004677680
81	35	2.412754061137197	1004866512
84	1	4.218185725707935	1004902632
166	98	3.81318447386498	1005408846
133	46	1.1838561370311234	1005606245
48	2	3.7307009057186833	1005850966
111	21	4.475312458477979	1006392721
90	12	2.3623143295751836	1006853913
80	68	2.8077496707341036	1007466711
189	22	3.3441018220633323	1007498153
38	82	4.279349003905333	1007642010
173	97	5.0	1007687983
5	52	2.9678314368728103	1008003825
63	60	3.16987990603355	1008057775
129	98	3.180152476745156	1008061250
137	36	5.0	1008370351
3	52	3.008846252857895	1008556271
149	99	4.496570510579447	1008766294
27	74	3.9724062778803773	1008982198
149	77	2.74171793111241	1009026318
15	73	2.23983523482742	1009888257
29	47	3.6261779036619672	1009908858
179	77	3.792192728326373	1010045984
4	99	2.2004187630724026	1010055176
72	75	3.2694753748197494	1010361129
19	82	2.648593565739686	1010430207
172	55	3.8556689485632294	1010558524
130	9	3.0355957376906124	1011086382
95	8	1.8433767923222262	1011602460
128	80	3.451347648429549	1011664673
115	31	4.232492102779802	1011715576
53	29	4.7816437950037685	1012446574
144	50	4.183328992811069	1013129265
160	20	3.742882013150275	1013391964
38	57	1.630183660467836	1013641104
145	52	2.8626922529712053	1013957269
22	30	2.885877434991684	1014193759
99	37	3.3482855664227706	1014353353
152	87	2.804305122802936	1014724382
121	84	2.665676954508418	1014795443
68	1	4.558728529883879	1015060379
4	21	4.333333911780307	1015325526
88	16	4.730222175650788	1015604481
10	70	4.26402978157286	1015695170
182	48	3.426027136405622	1015699110
113	89	3.8476764835383364	1015720436
104	42	3.0467515909769864	1016005035
113	65	4.735782191822154	1016070326
79	36	3.167139595617489	1016395542
184	66	1.9542702133092669	1016469087
121	68	5.0	1016786006
9	85	3.460692712372369	1016797003
123	14	2.4914453159237917	1016862370
42	68	4.195537757565777	1017335738
161	84	4.282130001531459	1017383612
35	98	4.329732417879175	1017543500
132	81	3.3053027038833185	1017640360
13	56	3.2819541046076264	1017988296
97	62	2.771727797593387	1019147512
94	58	3.2168611032562326	1019195923
175	47	3.987872284871074	1019295608
84	48	3.0929636870732193	1019781342
39	5	3.125177943378194	1020080355
12	95	2.5150068741829847	1020309312
166	63	2.0009840395415988	1020373902
128	7	3.1659227690200593	1020516216
79	40	4.404017554761315	1021124746
136	88	2.076317363116077	1021192769
157	43	3.951225319318508	1021301581
74	13	1.623447293958126	1021406783
25	17	1.9321405746345441	1021458642
58	32	5.0	1021463220
82	38	5.0	1021748358
147	49	4.8404610517903475	1022666578
99	5	3.6972922656312064	1022988208
96	85	3.9367385517335096	1023233125
170	92	4.507513689836922	1023461152
90	2	4.841475915530881	1023491387
75	66	3.2119611260779237	1023626136
28	8	2.573301691152689	1024098684
109	35	3.9492187212850345	1024156659
119	50	1.6481572684253414	1024190248
176	8	2.6681777917695553	1024301047
159	78	3.112900297525599	1024904366
158	27	1.957198484790354	1025577553
174	82	2.790211007766465	1025609194
23	63	2.2715561687342376	1025673765
99	52	4.349102110743144	1025954811
24	41	1.6562064165192543	1027008212
187	8	5.0	1027258301
158	39	3.6864161697440463	1027809460
164	17	4.0720062783004725	1028088486
62	64	4.290625599162769	1029373901
128	82	3.889159195667929	1029494543
138	19	4.4778155496862	1029564945
157	23	2.7273405547291762	1029583201
106	45	3.0881766310363425	1030227252
56	17	3.2033925409302015	1030403536
62	99	5.0	1030652186
33	26	4.478422112028035	1030965937
54	20	2.489401780071087	1031024997
51	21	2.9608772968510215	1031398222
176	3	2.114012057601002	1031756021
147	89	1.3466570801287556	1031929914
156	44	3.278486737047876	1032038466
109	15	1.9526960110616345	1032140509
118	26	3.100100937868863	1032328486
188	57	1.9688924974442779	1032408332
162	52	3.070755579701338	1032489252
60	40	3.5124993219072502	1032723305
4	49	3.946872500802698	1032833879
3	70	3.3108796092229666	1032943236
136	40	3.150560672783044	1033375760
17	9	3.129491901409971	1033434665
131	34	4.016946515748371	1033488514
7	27	3.2060330523358176	1033552853
60	6	4.293175688218677	1034485484
66	70	2.1283263027695343	1034786249
104	96	3.925887206193036	1034957347
166	26	3.1485857642862674	1035260626
115	55	5.0	1035349508
32	76	2.5202787752831934	1036347867
70	7	3.7252641172475496	1036366008
96	73	3.204910085762094	1036510338
90	21	5.0	1036983702
161	86	3.6600182258527876	1037820411
39	51	2.399845767028305	1037863458
120	39	4.559936384046622	1038245389
134	8	3.860647891435795	1038331596
7	100	3.7887236628250234	1038499073
44	8	2.8646376111743708	1038537095
68	92	4.001782736167545	1038788582
62	74	3.8326075103241974	1038847289
147	66	4.6941094030473725	1039281296
154	22	4.521383295429398	1039411774
39	7	4.590861670603698	1039517369
189	21	1.9672994401100692	1039724167
111	19	2.5399537047205363	1040038554
122	25	3.1028046838540124	1040379933
124	59	3.998221748496785	1040539562
161	50	3.1403703275475374	1040849603
112	84	3.5589842215895975	1040877437
180	86	2.961158143807262	1041216151
86	22	4.359587886979802	1041770672
165	55	3.5239030432849554	1041805007
145	35	4.192857584237437	1042828516
83	41	1.3727725796485046	1042934803
103	16	3.8400512945688905	1043218126
86	75	2.2582394245183757	1043371039
187	100	3.7502002062516944	1043449105
12	7	3.258502554129221	1043465027
40	76	4.011499575361862	1043557323
108	48	3.302062271015318	1043713195
35	68	3.477699716281947	1043893611
151	21	4.936335405705979	1044065689
108	40	3.337207093927706	1044090183
17	47	3.7577525401427505	1045065464
49	44	3.1128693502104854	1045126560
14	49	4.133326826071238	1045255451
74	90	3.365503215598267	1045676166
27	72	4.870536143996714	1045720607
10	28	5.0	1046390367
132	46	3.0632802639594043	1046461597
95	100	4.110216169589222	1046684246
182	9	5.0	1047462054
154	35	5.0	1047490342
159	17	2.9494480682915123	1047562041
34	75	4.82579664754219	1048020966
58	42	3.3256457420971643	1048080985
49	43	4.178946987762233	1048535395
106	44	4.989863438602082	1049863385
3	32	5.0	1049910957
166	61	3.643388467342251	1050342686
37	71	3.8405892164004967	1050439262
36	55	2.5754358856219	1050672647
1	58	3.2941405691196595	1050947116
154	24	4.043479378670093	1051189028
158	100	2.32776624656336	1051348636
55	85	4.951001438131336	1051888100
52	30	2.1489256337919787	1051940431
96	20	3.5976703767483356	1052031443
105	34	2.184184183572493	1052054848
87	57	2.0944369461437136	1052324072
165	22	2.6971755560491575	1052432675
69	98	4.2505791675217655	1052490597
100	92	1.8314007411218047	1052520691
111	64	3.1024422345082785	1052558791
135	18	4.9558223221467665	1053461455
150	50	3.5726805243293414	1053585247
161	87	4.070507208354516	1053896351
107	98	3.173303786813636	1054092578
37	50	3.6450637459593818	1054192574
108	17	4.9816634024625985	1054199470
179	15	2.9806036281738733	1054387605
186	81	4.192918623031611	1054605653
24	32	3.890695920928144	1054725303
185	60	5.0	1055085568
51	11	3.867619840209711	1055370721
173	32	3.034194430881837	1055604872
95	96	2.782081109252398	1055682559
153	76	2.3456373317670156	1055741185
179	56	1.6683177527939739	1055819273
128	3	5.0	1055964903
1	66	5.0	1056231787
188	14	3.2775251032217345	1056500235
36	19	4.182069490062632	1056691897
170	70	2.784240010889248	1056818009
26	92	3.172982682390229	1056850143
27	63	2.776009668257391	1056985535
67	91	3.986036289417637	1057186251
12	21	5.0	1057785199
134	78	2.4959454031579895	1057898241
18	51	4.23463754545933	1058189019
13	2	3.9720022709192744	1058828577
106	76	3.0117261575484555	1058898727
22	24	3.107528893939127	1059297047
150	87	2.127534452115899	1059316909
160	75	2.5141961913321733	1060004765
21	97	4.101206748929115	1060174140
173	13	2.951731205074923	1060337663
169	100	3.416282040150788	1060374315
52	38	3.963206292099123	1060632640
162	89	2.9687857053924014	1060726496
60	68	3.08850685543782	1060800525
6	72	5.0	1061634928
154	93	4.886349397262843	1061706373
93	91	3.6310651862158485	1061798991
13	80	4.244191971499937	1061835961
54	100	3.323225836884218	1062617470
51	56	2.610759171771676	1062709674
161	85	4.032006198821943	1062853781
26	20	5.0	1063053014
165	58	3.2323589091012064	1063100433
113	8	2.3951372069374797	1064090279
102	58	4.374517074132522	1064297697
166	10	4.691899334413573	1064702243
47	37	5.0	1064785720
29	46	3.6480894197982763	1065042375
86	39	4.015294321624467	1065189065
63	3	2.393706487588366	1065202806
54	34	2.220969263780214	1065596489
39	18	1.4135223416289153	1067142611
26	70	3.0885733928839976	1067995479
141	32	4.1220699903060485	1068010956
88	100	2.279287574085841	1068540852
69	38	3.8229745036176683	1068660031
48	47	5.0	1069112499
49	82	2.290523064581195	1069145020
45	42	2.7853193230095683	1069247658
160	44	3.3491622884333045	1070352061
176	61	2.229938911287968	1070534499
179	47	4.104515326355367	1070867988
189	68	3.19151721154418	1071274177
139	48	1.996919698240182	1071354179
132	21	3.9283166923752377	1071508390
104	27	4.437915537510655	1071558666
136	96	3.6814266201139714	1071583563
164	10	2.2038833357501053	1071651522
185	39	3.5469349020603698	1072070092
48	88	2.6754858384723263	1072092287
171	1	3.2529742992540034	1072138120
26	36	2.4498592603978544	1072718379
164	46	4.387655425873836	1073449431
14	70	2.829884799545767	1073945600
110	75	3.5728740980155154	1074151087
142	26	4.948499229892926	1074930254
122	88	3.6566937282465246	1075843575
31	32	3.7981584659905256	1076404612
188	21	3.002429161614793	1077770060
5	33	3.405541285557997	1077811671
177	7	3.7647753109779796	1078320888
104	42	1.72376476710168	1079129494
109	22	2.6536840225342644	1079419430
87	65	3.675286778933924	1079633927
125	63	3.935975389500046	1079953557
130	94	4.215381315441244	1081338209
45	61	3.5600859946151635	1081365316
126	46	2.5188344688603186	1081563546
182	15	4.2658782794806145	1081743715
152	57	3.92548993324023	1082090948
55	3	5.0	1082229377
152	83	3.7965755451407617	1082300759
135	6	3.900481386506329	1082480430
151	11	4.458385819842042	1082739049
172	25	2.9438812532392196	1083154747
36	31	2.852458194364841	1083472068
101	64	3.924066861518451	1083536357
99	7	2.803228181570425	1083843510
89	52	3.5549341109998487	1084154080
164	67	4.315501022444263	1084189403
137	3	2.8094589476837406	1084246316
25	14	3.591752484448373	1084263844
40	88	5.0	1084273937
168	18	4.7592332397867985	1084896299
63	12	3.5347137487525617	1085078007
53	15	2.2154157343000307	1085374175
168	25	3.008097552493795	1085613012
148	21	2.9690291021880357	1085787777
118	17	3.696131459023907	1086032711
58	66	2.5736188700184615	1086106076
92	23	2.986803635486604	1086342354
10	67	3.0918991608397794	1086412017
114	14	4.0531491563792095	1086498333
100	7	4.151136241823657	1087048309
58	93	4.204506539824723	1087593189
188	66	4.138391925608383	1088115651
120	92	4.846225756202748	1088989976
145	19	4.694592220513731	1089284760
69	69	3.888978729352184	1089396805
47	36	5.0	1089427814
86	87	3.269133626155231	1089449157
153	2	2.867244970114961	1089529960
162	9	1.7061075021321097	1089746911
163	37	2.338216156087636	1089756570
164	42	3.1307228607537967	1090380138
177	31	3.9631847952675847	1092589273
130	78	3.440584818727506	1093486064
118	86	4.168654804757907	1093504068
177	97	4.354525227066616	1093814964
154	39	4.140542935074773	1094076400
5	50	4.400398588395063	1094304085
46	79	1.2944339429009308	1094486748
135	5	4.242682418359722	1094619806
187	48	4.821304032273012	1094729406
23	46	3.795624488747095	1094891316
155	68	4.022142545933936	1096292365
65	59	2.3047062364007553	1096516744
31	92	1.6688551216616498	1096760783
18	85	4.0646059258936	1097352908
46	10	4.547317706621448	1097397671
161	57	1.5488981359613752	1097544353
25	62	3.7927154821418534	1097883608
70	48	3.0223544173959946	1098098671
8	57	2.906188591931295	1098177200
184	65	3.454487754698758	1098501748
123	39	3.400905699758731	1098858709
152	14	3.950603412862539	1099048047
164	43	4.129529584221811	1099088156
80	54	3.8131321400131553	1099329589
168	16	4.744679580736786	1099379165
53	21	3.0499871420041864	1099548777
187	91	3.2695992857942326	1099715890
24	1	5.0	1100023254
172	70	4.779464931657751	1100406287
116	19	2.16968637426101	1101548341
170	36	3.52538842054241	1101604206
102	44	5.0	1102007347
96	47	4.165924252054461	1102622111
62	23	2.048824309948441	1102896860
107	32	3.34975701120174	1103392907
118	75	4.418454443942414	1103421631
59	34	3.4777210208162868	1103480317
47	50	1.4129729813979313	1103590939
19	14	3.702328796422802	1104009948
67	100	2.5354622050898086	1104147337
109	99	3.722289855800854	1104319344
59	61	2.668045082505549	1104343820
33	9	4.617398815902461	1104429633
96	65	2.3488462634471308	1104538961
98	69	3.5394470482407394	1104935778
152	72	2.998215807188468	1105153103
39	51	3.9643698635465743	1105320912
186	11	4.195402474550299	1106155172
12	79	3.522630852676869	1106256420
101	86	2.8585130909556904	1107362739
40	93	2.2116923825364623	1107381019
119	68	4.3901984111247865	1108675789
163	56	3.506799844559998	1108942420
120	43	2.58367908092658	1108978225
84	80	5.0	1109110704
17	25	2.2771049804444363	1109122465
26	77	3.5516609768510796	1109179728
1	30	3.261889563687946	1109616036
182	97	2.6270389095462994	1110085713
127	75	3.8423378344896215	1110159698
37	58	3.960271624982304	1112314667
61	95	4.369154592496897	1112673397
134	10	2.4503445010900586	1112699516
8	90	2.1028818148870085	1112922936
100	4	2.408066099604687	1113435841
35	68	3.8498000245679074	1113501192
130	39	3.7634872153310597	1113509516
90	21	2.3523086101843327	1113654703
186	92	4.095029465835565	1114582172
52	15	3.9215866106144555	1114800526
117	21	2.867119725115208	1114851272
40	41	1.5906439124927072	1114875804
52	72	3.0299578522404986	1114994534
123	47	4.557368305378225	1115456587
162	61	3.324145595567929	1117094074
111	63	1.4349169537436794	1117293352
161	25	4.338940500469612	1117417499
55	76	3.540919175395721	1117683498
183	14	4.392953870108769	1117768102
33	86	4.000240469436569	1117836082
137	13	5.0	1118109509
47	84	1.4741921268886231	1118948769
21	47	2.5056506253914876	1119033778
134	64	2.182868080053415	1119384562
146	92	5.0	1119390927
171	65	1.2831811606459356	1119425653
63	63	3.15909212265392	1119713034
111	63	4.3481742126666685	1120092404
30	25	4.268207216631737	1120278566
15	7	2.9985978531143633	1120728420
173	2	3.160877720729961	1120982051
155	53	3.383770956878042	1121365525
68	48	4.922369861698508	1121430736
144	63	2.267476685231491	1121860339
120	24	3.106470144030271	1122103600
28	90	2.899576434261295	1122195043
155	28	3.507880184694728	1122394793
37	2	4.4413105807674835	1123468264
17	17	3.3356647941146087	1123812895
138	60	3.0569559788715175	1124586872
53	3	3.9620608932518966	1124936065
23	6	2.6046536776369758	1125501285
15	77	3.486162253905763	1125954662
59	17	3.4475955494225303	1126067842
115	71	1.9024008304045679	1126078424
100	87	3.3522196811825284	1126188568
60	61	4.451549770574043	1127130867
179	66	3.60940847183297	1127234078
63	10	3.4511028165258946	1127769782
188	75	2.8701154476361896	1128258490
125	62	3.9809080927488956	1129305340
13	82	4.083544303011887	1129315023
131	86	3.6577614392937696	1129432478
75	73	3.6058944531152344	1129446598
103	93	4.096441137581753	1129540510
115	27	3.8584536182096203	1130366511
18	3	4.46030479628147	1130406332
30	73	4.002784426895194	1130627975
76	66	3.08777925497553	1130652131
28	33	4.230764119066524	1130960944
176	23	3.408155235665045	1131120496
45	18	2.9208758903642535	1131465987
68	92	5.0	1131590157
67	56	1.3674043738451638	1132245049
117	19	3.20251779912615	1132778952
62	3	3.751473608940512	1133312230
28	52	4.097228218253385	1133506031
65	12	2.2424221410853837	1133593400
7	42	4.0055892418358745	1134128029
48	15	2.1739523139179617	1134350480
160	92	4.565171965714386	1134389509
14	76	3.6998104337187137	1134946363
10	21	4.415390275560162	1135098030
25	33	1.592192442122609	1135183488
33	27	2.077025074738327	1135432021
40	74	3.130792799552554	1136031343
115	72	3.694051943605874	1136219715
101	61	2.771538378319657	1136562363
61	65	4.718194711754256	1136616005
59	67	3.357853463059454	1137164292
98	49	4.568379333694017	1137579448
61	80	2.8914102767602996	1137707691
162	88	3.838023481101708	1137928654
179	90	3.838552876285914	1138173202
64	76	3.8017000089017357	1138257571
174	47	4.349611988516213	1138327783
159	42	5.0	1138405013
2	37	2.361166882219231	1138926048
175	96	3.3487007797674777	1138949864
160	26	3.2484611139555044	1139416564
2	53	2.825065981209448	1139491583
87	78	1.7741932712094033	1139540883
120	14	4.361636124497944	1139652912
78	63	3.6057537912714803	1139716951
105	9	2.6906191789172462	1140590427
69	55	4.195202900083999	1141666925
5	43	4.346770775216494	1141727175
144	87	1.9230035178090028	1141922549
19	49	3.3965687757097163	1142035691
154	12	1.7523634901717384	1142222586
129	74	2.822435347664345	1142378952
160	72	2.9024898053083583	1142461306
38	41	4.170480617241212	1143075467
64	14	3.962483624066854	1143231935
111	26	3.182284903243766	1143237726
150	87	5.0	1144766960
103	21	3.8631156277445236	1145121194
31	35	1.450058721422522	1145441393
69	99	4.125630933646001	1145497474
37	48	3.9413071516992457	1145575259
91	1	4.511463035408356	1145838517
126	65	4.475816719344709	1146223735
62	24	3.1043192882437363	1146398134
127	60	3.4313659539145314	1146456584
179	15	1.9140166877620417	1146631586
148	82	4.720821298813048	1146643249
35	57	3.6018562952619866	1146858465
151	68	3.4338673853741777	1147365204
59	8	4.0222506360177785	1147604428
95	36	3.3244360545007847	1147685112
105	23	3.8185210047988747	1148205388
23	51	3.9559041951707026	1148653297
61	69	3.228344889673947	1148937574
2	20	3.872105472606863	1149234560
160	55	2.888614752611372	1149782727
47	42	4.034629086122435	1149882434
119	48	3.3500592809208904	1149996360
62	62	4.876496450019538	1150446567
133	85	3.3094968940021885	1150463437
13	85	3.7571989703559274	1150670138
38	85	2.7198008708825374	1151039051
86	69	4.919603004513637	1151201554
180	12	3.18392714397295	1151539748
65	88	4.3555556590207125	1151660175
72	28	3.83868731792169	1152311834
148	40	2.667938695150143	1152479591
11	8	2.0640904761314722	1153658089
33	80	4.08855326977072	1153871950
38	37	1.3792998473649338	1154398209
35	14	2.918217966607946	1154754597
120	52	3.455106969877463	1155244612
1	33	2.910728348210694	1155276030
151	95	2.9153822693428006	1155423978
113	30	2.9296486335863197	1155735371
21	43	4.9033699701251905	1155958392
118	87	4.122711223900269	1155959593
122	70	3.0444604739761294	1156805390
140	64	3.707802507353313	1156964609
107	51	4.3232799156777055	1157166922
172	43	4.091814133741378	1157379227
186	76	3.395657207013108	1158125358
28	73	2.2888280707192186	1158665898
15	55	4.102118320392483	1158761516
99	82	1.6793966994514828	1158812077
142	10	3.816155957182778	1159765073
37	84	5.0	1161014081
90	10	2.319187184691155	1161158269
60	62	3.2210370696681916	1161509470
97	49	5.0	1161670400
1	43	2.402631681028933	1162303784
81	16	5.0	1162734997
58	1	3.9715423804182057	1164852033
77	24	4.803278037316064	1165071402
144	37	4.551947617722918	1166371250
115	4	5.0	1166403010
114	60	3.0632357627617823	1166928226
77	84	3.4434115111001042	1167092834
128	75	2.9416982460539693	1167347836
58	67	2.0230750724680986	1167414461
84	20	2.793107432012651	1167752313
169	6	1.9385067775581406	1167826921
176	64	4.358014195302145	1167863682
184	96	3.5341524174880248	1168068936
94	31	3.7043890316029766	1169472068
187	30	3.76402008133367	1169811614
184	3	2.5521072827310136	1169877056
70	54	3.6594625068041293	1170298113
30	36	3.5693443370362505	1170726391
122	87	3.9692675898085263	1170795750
30	98	2.4788375424397	1170827729
46	74	3.585209449633901	1170981824
9	88	4.487334516589102	1171348061
145	93	3.8676492929914215	1171504611
109	17	4.468184660532861	1171630289
68	41	2.2355015930450346	1171938996
152	5	2.850234773151733	1172054379
124	44	3.1160287280476484	1173393348
5	55	4.290371896051711	1173418761
11	17	2.7274312512437593	1173918867
83	68	5.0	1174064832
146	79	3.3967452398509526	1174416406
174	45	2.1877808065685937	1174452627
8	19	4.690548594343596	1174800576
6	96	4.752842634427484	1175725756
67	18	3.3184968378643327	1176634890
159	21	3.303533416571903	1176719589
187	51	1.6302583003045794	1176939131
166	9	3.123699275075004	1177102717
105	25	3.1334929796319484	1177553834
57	44	3.9822489526806573	1177786476
17	97	3.450970659161963	1177816005
130	68	4.397066196887132	1177921647
108	30	3.2202398315041654	1178184639
104	68	4.278936503512114	1178645402
140	16	5.0	1179576116
153	49	3.739404500535377	1179660297
121	46	2.9901933068091173	1179722572
64	81	4.653900734255747	1179807793
167	11	3.308972237399831	1180138447
29	19	3.1416598479787776	1180421392
74	90	3.3396399189551693	1180441192
11	47	2.512126659099251	1181090290
182	27	3.1219921009817826	1181136510
121	4	2.601215951676872	1181479525
173	26	1.3943530581596755	1181617230
100	82	2.6147513138757774	1181860009
82	20	3.124803619676063	1181864445
90	11	2.8722660939154943	1181976937
27	47	3.045452281256556	1183526617
89	20	3.2659801408930185	1183626734
35	5	3.519147777415752	1183861731
54	47	2.383475560051341	1184095710
143	58	5.0	1184272038
64	56	2.4978125442185273	1184457208
25	92	3.760442263333556	1184804780
46	13	3.546002747253274	1186413409
188	60	3.948635764514527	1186459503
148	56	2.643501762590801	1186545408
17	21	3.861417317273103	1186583458
58	60	5.0	1186852947
43	98	4.119711445966137	1187756947
100	73	5.0	1187815103
47	39	2.200783636554176	1188443401
39	37	3.0875861817835197	1188539657
114	60	4.289056687375519	1188780571
14	91	3.5712537499108925	1189113414
4	67	4.090422061251464	1189397920
86	87	3.631927966771957	1189827548
153	68	1.9776408137821089	1190025411
63	22	3.2702003694248063	1190087706
9	30	4.49558151400203	1190162334
170	25	3.355095420918569	1190261964
105	23	2.5176964196226854	1190529376
92	64	2.730003933802543	1190577917
96	47	2.549089270312768	1190601482
170	20	3.270451344639653	1190726514
151	48	3.377291066404276	1190962305
20	51	4.395355430762599	1191149955
129	8	3.9243939378610126	1191309681
160	51	3.879767636040896	1191700988
82	60	2.320630878367383	1191732126
163	95	5.0	1191841206
121	95	3.068874430424901	1192044326
56	60	2.1316849611671893	1192454882
27	30	1.3038721789000536	1192473935
86	15	2.094810153196425	1192515522
108	30	4.637314542364729	1192526962
175	1	2.926398227103099	1192752324
128	36	2.5516519957757993	1192791379
104	2	2.461456179156028	1193343702
46	48	2.377455193755586	1193646466
80	31	3.22000669812552	1193711179
124	8	2.2495922660302825	1193808690
185	79	4.83057490403904	1194442548
54	74	3.1079873600808705	1194564305
27	98	3.604355937523213	1195234803
93	20	3.7147131831705265	1195358137
46	5	2.0931849905024618	1195397601
171	54	3.5580227348083953	1195506420
6	39	3.6786947168104756	1196021204
74	99	2.9301670717612414	1196502664
166	14	3.4227789547769545	1196503099
98	97	3.957686586053552	1196569261
63	34	3.4996863273882255	1196720971
135	13	3.799647687837348	1198055181
60	60	3.5759552679160875	1198061383
66	58	4.212322159580162	1198104683
72	4	2.7668438028900035	1198313879
150	28	4.362223511886977	1199667513
168	36	4.82893331953541	1199871104
112	36	2.470628491817928	1200173861
93	79	4.37231538002845	1200194839
73	6	3.9347700645568913	1200305333
63	15	5.0	1200410151
51	44	4.953260663321034	1200786725
150	78	3.8004743596108286	1200826751
179	99	4.108246191684969	1200897753
89	14	3.4807396202656053	1200959011
97	51	1.8841132125895272	1201275920
78	86	2.8971793442160383	1201747538
102	16	4.7495049007061585	1201956509
4	54	3.2114513041242954	1202715729
89	98	2.6033577726847916	1202821022
117	88	5.0	1202844238
174	7	4.893454527524431	1203026324
167	90	2.433765068100775	1203075110
189	100	2.8111144574245945	1203136638
145	4	3.0757636666019565	1203345206
15	82	3.85561334878566	1203714406
86	68	4.881454078690487	1204112524
141	44	3.937313187038961	1204322065
43	85	4.257495149337485	1204640848
39	88	3.1433268658201285	1204668676
32	88	3.5781430629696476	1204694040
8	72	3.537937835447602	1204736865
79	92	4.31079864559171	1204942344
159	97	3.685175536829914	1205192672
85	79	3.468941067129098	1205542880
65	16	4.244185710315034	1205665334
168	1	4.206078913815132	1205704968
46	8	3.259334825469787	1206100073
114	82	2.485240506814148	1206222887
137	12	4.55811832508715	1206672816
113	5	3.1743889478514964	1206851549
130	60	2.9958201689923287	1206884436
117	37	2.5824971789857365	1207155684
127	4	3.528457581183159	1207505046
39	47	1.9624152035508247	1207910615
17	1	2.0847328080758123	1208104757
168	16	2.916400673653995	1208918830
115	41	4.389037122279892	1208934393
137	99	4.5909804251859665	1209097455
179	16	4.3347513263248825	1209633644
133	3	3.2640300127890285	1210106384
142	67	3.2906861804206384	1210147339
67	39	3.7253079220409417	1210641902
149	26	4.670198709196604	1210661826
98	86	2.118955396846225	1210767382
37	73	1.5329302964128477	1211041383
81	38	3.304609648822976	1211556520
46	36	5.0	1211730518
73	31	1.0	1212341771
180	6	4.778865813313393	1212422783
169	66	2.1672226025203503	1212434014
158	45	2.607212484508116	1212482512
135	84	5.0	1212856654
93	19	2.780890548550814	1212900417
19	13	2.9942532957380634	1213212587
145	66	1.109695632530562	1213302784
8	26	1.5919978628766924	1213435113
37	1	2.1368259954071895	1214114333
172	1	3.863631882624968	1214385666
158	29	3.3209067149838436	1214387952
60	15	2.5574419942081237	1214931451
138	7	2.636117039410234	1214958554
33	30	2.5745753739404127	1214966468
180	19	3.770057358391422	1215042389
45	68	1.7289314469119088	1215800985
98	13	4.997431683179626	1216075793
64	70	4.7005316584738726	1216390048
163	39	4.256788679986982	1216442673
1	95	4.053040085852358	1216533073
144	15	3.215124506630329	1216660920
68	49	2.975432986232949	1217546071
123	28	3.5853181425650242	1217566211
142	23	2.5903165830181663	1217657076
147	22	3.0517753836998507	1217777940
151	84	3.9914294527201997	1217811414
183	31	5.0	1218024385
153	4	5.0	1218270505
56	36	2.950459725404465	1218373580
38	72	3.127680947062077	1218509028
76	52	2.324405394375148	1219744075
84	59	3.179702195463358	1220538177
80	9	5.0	1220725192
115	89	1.7237536665335482	1221512104
18	35	3.4359222358512835	1221771075
44	44	3.2401998592324874	1221865401
180	58	3.454588782067762	1222147825
60	94	3.6430487698789524	1222167474
135	85	4.776965386088188	1222427544
96	35	3.4497953829582553	1222824318
90	13	4.168340488718081	1223130581
130	15	4.541724664058851	1223497214
69	91	2.3880329742258364	1223525529
3	18	3.277279299223393	1223527332
72	30	3.7242347445352917	1223545868
54	28	2.649464721252956	1223579978
129	75	1.9357583882889486	1224136911
4	12	3.64098269961206	1224201922
58	78	3.1896922946150963	1224244125
104	37	3.6647608412365167	1224803290
178	68	1.6820207746128453	1225014296
179	34	3.879153118726124	1225423535
137	72	3.820785725932684	1225808446
41	44	4.87284847467653	1226078260
169	53	3.488907996051398	1226136973
24	25	4.022514105265757	1226303261
123	76	4.512637409644071	1226691403
22	19	4.0913492417584	1226896405
153	2	2.161394200276751	1227232001
159	56	5.0	1228349535
64	51	3.1386894380327095	1228436770
163	20	4.372197000072978	1228927658
40	59	2.0258678679578943	1228952146
8	76	3.1459592890589763	1229382347
75	8	2.9494631505084166	1229865758
87	77	2.7909790423695098	1230848875
109	98	1.89972889549629	1231102713
45	60	4.705994516546816	1231356889
13	74	3.895819781095923	1231509432
98	98	4.150450092536139	1231925660
123	10	4.694762861876938	1232297214
147	17	4.053251219984784	1232546945
181	11	2.4574223053294237	1233293226
149	4	4.672756845267445	1233297446
160	56	3.9281862478105762	1233546325
186	79	4.231870704288296	1233697010
169	21	2.951712703509399	1233726949
72	12	3.786955854301709	1234359643
38	19	2.5704891398075898	1234583071
56	73	1.3229349535571453	1234791616
165	81	5.0	1234984208
124	54	2.7606285925409635	1235127865
119	81	3.5866976994143966	1235428214
148	8	5.0	1235683805
185	86	3.4944039811709535	1235913931
124	54	3.5071784669079418	1236040439
86	78	3.7525688459966235	1236471456
181	90	2.385953549838007	1236503372
36	27	2.262337577672702	1237015745
131	36	4.240824345420126	1237324302
113	49	4.058139514518507	1237598178
113	90	4.179373282956504	1238941121
188	70	3.746504778432005	1239077551
161	64	3.437808983000689	1239894498
121	71	5.0	1240021880
168	76	3.552258490497483	1240330278
92	67	2.665718189965375	1240749313
11	81	2.949884717063461	1241136588
55	39	3.0847862320947286	1241777130
12	45	3.233347670765585	1241940623
146	20	2.244864628026605	1242183021
102	49	2.4486900883606557	1242301395
166	38	3.3630045105575417	1242500525
47	19	4.683493666889928	1242853570
174	75	3.368527404328332	1242993206
69	80	2.5041846052097707	1243104459
97	25	4.212712028861331	1243197531
122	8	3.148078682183491	1243574633
104	36	3.712093353074175	1244066719
66	62	1.6334600486393838	1244317105
67	98	5.0	1244372300
49	49	4.282873734948573	1245071414
187	66	3.3168495289467055	1245216890
126	29	3.706361771325451	1245366493
28	38	1.2881380886704932	1245476051
32	40	4.074071220894002	1246503296
25	99	2.5343351964767917	1246655733
123	34	4.413771621385585	1247410194
93	19	4.082571318808805	1247658750
160	2	4.072057441714144	1248178023
63	34	4.048319627554498	1248222831
112	28	2.5922438198530795	1248250050
97	86	2.3032113535736887	1248492749
49	17	2.310588107132672	1249159865
182	22	3.98387665118804	1249500054
4	51	2.1282568707364944	1249596163
109	91	2.8644421585955966	1249676521
187	31	3.8195246707829553	1249698812
45	3	3.7257615231117542	1249978519
143	86	2.805399630836855	1250940395
109	61	5.0	1251473310
149	89	5.0	1251504971
8	34	3.8525049683568797	1251940710
178	90	2.744208499841637	1252055936
51	45	2.986786433528415	1252302724
180	15	3.9042947549616978	1252759660
33	49	3.5327969954115863	1253591877
83	50	2.1328621935397543	1253881168
85	35	4.42427013953783	1254209789
148	8	4.825432109095079	1254402720
185	93	2.1097780748465373	1255335844
72	38	2.4759714091136207	1255608121
84	22	1.5245122287828625	1255612702
117	8	2.1632745611240694	1255708965
75	5	4.112468794013602	1255736662
133	92	3.5184016307834383	1255869720
22	50	4.535249334723753	1256593861
32	34	4.38750396741406	1256799052
130	30	3.35297457656915	1257047459
7	77	1.4221881801438032	1257274200
109	50	3.3884911728570564	1257276529
184	19	3.111479224816991	1257545871
69	82	5.0	1258668762
122	26	1.2038190468627619	1259266511
88	25	2.9360525119417566	1259268456
120	32	4.271920154836675	1259857229
115	6	3.6680598059668204	1259967197
55	46	3.57857702971915	1260072199
84	57	3.446095150994261	1260169089
82	45	1.7926420424070533	1260199736
4	2	4.964177238752438	1260351175
80	72	2.3693846650624737	1260577285
41	1	2.787779236350949	1260667070
147	21	3.8278795241593575	1260672989
26	41	3.3868719474842597	1260908396
166	43	1.261768766675028	1261138469
50	89	3.262988029987372	1261296595
93	36	3.8796396483859654	1261499395
60	81	2.9425769468916787	1261585154
34	52	4.358451116656665	1262012592
177	18	4.746891715534719	1262018813
32	46	1.8934228992613207	1262171707
8	23	3.4225565392740065	1263727452
186	71	4.18021610545045	1263738419
11	45	4.260846654311478	1263788474
118	3	1.6168497919414162	1264000546
131	14	3.82674476460232	1264589284
171	82	2.020555776860276	1264608972
3	64	1.8451125637717039	1265461992
186	21	3.200323351993213	1265598809
99	35	3.771495310825648	1265658293
9	66	2.655058561406504	1265696384
167	8	4.353975976552224	1266530001
147	43	3.1793323744428084	1266890570
58	83	5.0	1267292387
62	73	1.5217747506251897	1267311168
14	19	5.0	1267973594
76	50	3.318550930752483	1269456291
83	61	1.9806539245231576	1269600770
117	94	2.991859802352689	1269955561
22	81	3.9201915428949916	1270208176
6	15	4.517661466843503	1270525223
110	77	3.6722543864110375	1270812368
119	97	3.5720368612837445	1270990268
104	97	3.265592199683678	1271518671
137	19	2.8878330828451793	1271655672
178	60	5.0	1271687069
184	48	3.7810092502818065	1271913915
134	63	4.392597338299309	1272220221
122	65	4.339468504518405	1272912891
153	45	3.464992389993764	1273572485
81	57	1.8923389728819413	1273602992
29	47	2.1578722515148847	1273855655
130	12	4.2356219972457465	1273875329
46	45	3.139960731243017	1274322391
8	74	2.05035478030147	1274350204
127	42	4.189707805245194	1274587756
129	30	3.54977368718096	1275546716
1	61	4.239653151724672	1275627607
129	61	3.0969240109349694	1275648694
44	45	3.3447409511752513	1275665858
161	36	2.7162343344136035	1275939583
5	67	1.7136245346453134	1275967799
50	13	2.919946758629957	1275969847
12	2	2.661414201552769	1275981812
120	32	3.909762795959497	1276788877
19	60	2.7575157674616158	1276795678
118	11	1.9513817011362533	1277567673
94	70	4.200700612120584	1277626443
18	87	2.4736307923341077	1277755956
165	99	4.976934426118275	1279024123
6	100	4.697246923645228	1279198543
37	11	2.0837729442073547	1279210751
82	41	3.404535752910927	1279249980
130	99	4.166312500909212	1279735029
29	73	2.066848185475288	1279759003
104	57	4.0027448074908145	1280238013
63	3	3.2843323624523677	1280695913
161	6	4.700078956426861	1281134654
142	90	2.2067270421288363	1281294145
44	62	5.0	1281317434
79	24	2.3107675349228707	1281373925
93	87	3.8216785413765	1281392677
152	88	4.3868873900973	1281496617
114	42	3.1294172375992173	1281617395
177	32	3.8937972982162514	1281946822
163	13	4.735811620006938	1282105604
140	4	4.390247500836509	1282354105
141	49	3.6838345163225044	1282601398
101	33	3.0127714358864477	1282622540
35	12	3.3606027993367658	1282902910
113	56	3.761250531233856	1283237195
170	81	3.8868085206892027	1283410594
29	65	3.3418461556276795	1283725349
62	38	3.9826878872092126	1283861595
112	35	3.1429707991933906	1284105370
74	47	4.013614464231097	1284164381
178	54	2.180752805401233	1284364069
170	32	4.803507931934759	1284680118
45	29	4.125508016831036	1285273908
14	61	3.943002130447375	1285539130
76	51	5.0	1286165643
25	26	3.4209326581354436	1286197814
104	32	4.006240989305926	1286408141
93	7	4.612688374989926	1286481486
93	6	2.122382499245763	1286854730
92	24	1.8108169620327383	1287144217
129	23	3.9736320768114544	1288283410
28	18	3.287791030098848	1288460453
40	29	3.6784766638853896	1288763809
47	47	3.1281421177213344	1288898550
187	80	4.530580585624057	1288939961
141	80	4.5074439731951985	1289788187
18	100	2.369796275326076	1290368660
182	39	3.416562030209639	1290403522
72	23	2.076042847549855	1290563862
12	19	4.086165800392783	1290707059
124	36	2.6999614356023534	1290811325
157	6	4.910459145203504	1290853157
100	56	3.809998983165555	1290862736
65	8	2.7367138958214183	1291022904
168	69	1.5310768575839169	1291175363
146	70	4.582691053887073	1291403652
116	71	2.1340442887994655	1291795519
47	24	4.320344012612456	1291855147
147	71	3.695481731553291	1292205263
168	32	3.3704827531365593	1292463503
161	65	2.7683682610914717	1292674091
153	79	1.0	1293694468
126	57	3.8341764172448976	1293741864
158	12	3.9578056099257846	1294093013
165	83	3.4879110521539456	1294612626
150	70	3.376271053725164	1295037259
54	93	2.810272225935826	1295045521
189	20	2.68759765106258	1295689737
57	55	3.5953441994413082	1295830414
130	97	3.134494063014734	1296456507
95	45	4.171531171729053	1297285767
155	82	3.3724508796224657	1297547310
62	76	2.428946320350951	1297571923
161	28	3.095602576816039	1298355562
5	21	4.5450884740847535	1298635318
117	62	2.7904201452508275	1300258122
100	88	3.585687161403359	1300581449
29	23	2.971702953337021	1300732223
141	93	3.698680009547407	1300957641
85	45	4.069760357198647	1301497779
158	30	3.3745457399971	1301626842
131	34	5.0	1301724404
16	97	2.709100618332447	1302200006
1	37	4.140479795200823	1302319090
29	100	2.323826663445219	1302693540
11	45	5.0	1302720116
1	24	3.241145599630168	1302726859
171	21	3.8641402960546616	1303021421
130	83	4.763706677654668	1303833376
15	60	4.085904201164649	1304244668
141	40	3.5006828189574826	1305180229
93	3	4.115771149771142	1305455964
53	76	4.614321694668872	1305671798
176	45	3.8278211728430853	1306401105
5	23	3.3196083182375924	1306720214
82	15	3.9395012306202264	1306824533
21	9	3.1402313542109144	1307065437
95	21	3.199140252859174	1307397896
162	30	3.712574030632215	1307831699
164	93	2.6389120898264293	1307898208
185	83	3.24382024750462	1308142156
141	84	2.4078363672819103	1308452071
146	65	3.3174310256204587	1308745334
152	66	4.5964692338108835	1308887316
103	52	2.3765059667604023	1309048766
187	46	1.8173413058773142	1309821460
134	37	3.7439531979085	1309947693
58	8	2.95044286409142	1310537508
105	87	2.4103669626576116	1310787286
44	6	1.8568111888458327	1311094019
63	39	3.0409096897810084	1311096857
180	33	4.681891092959962	1311515986
114	86	5.0	1311640734
62	30	4.25109945450731	1312079513
17	86	2.424687606950762	1312229018
61	28	3.649363482271189	1312794900
132	87	5.0	1313624335
124	84	4.048883835317365	1314112940
133	85	4.0348173363459106	1314252592
163	80	3.3037193486120633	1314410265
92	72	3.543514668643466	1314610315
140	23	4.050797572273663	1315504525
59	54	3.079238206318947	1315641748
168	20	2.583725899436275	1315736710
84	73	4.402277173786647	1315765500
127	82	4.09256727384733	1315910241
104	12	4.245005312877281	1316006348
141	7	4.0107920885275945	1316563708
9	42	2.2068584562413522	1316579370
44	86	5.0	1317308320
76	96	4.523530644185344	1317926519
94	21	3.157450799142235	1317936111
143	33	5.0	1318525104
137	30	4.984116028535965	1318600104
26	41	4.18205206571262	1318955658
25	18	2.480335661307884	1319238579
85	44	2.93939236315269	1319887727
161	89	3.8764095260975164	1320039863
117	31	2.7534216534597613	1320172521
90	28	1.9821262533191906	1320208415
157	15	3.169210775672443	1320922942
117	62	4.052299937679523	1321014877
139	95	3.1535734939931004	1321068557
103	98	4.42165011192446	1321172625
54	29	2.6133190777165427	1321645124
108	68	2.5266211619729653	1321983046
135	45	4.574318012715562	1322176864
108	94	4.884532047593906	1322775955
89	42	3.5176132519336574	1324635195
81	58	2.9710222919359848	1324781211
152	10	4.571543152234886	1325151579
153	10	2.666943942999241	1325205611
184	78	3.435811822891502	1325833473
143	86	2.3977302595441445	1326164973
48	94	4.597152711753695	1327125000
179	24	1.985529690819233	1327578318
8	55	2.2434931057207437	1328120308
128	2	3.402084753557096	1328149228
96	84	4.6059004243573085	1328234925
3	33	2.3804538716168313	1328728592
173	11	5.0	1329024961
179	23	3.1149781882871364	1329119120
166	30	3.6412571400874634	1329311821
64	71	3.4107658457785512	1330230143
38	44	3.640359869848047	1330243430
92	37	3.6034381293081066	1330497534
101	48	4.570610559979186	1330540669
45	78	2.6891424887896616	1330795727
37	89	2.8926455667877886	1331116443
175	5	4.103187431082343	1331235488
26	11	4.345157971184322	1331514357
39	48	3.0146941646321315	1332174024
93	96	3.493478684770542	1332363164
35	45	4.774875041278722	1332787080
118	71	1.0	1332951912
181	91	3.1979545005101357	1333474112
1	65	3.309096208272701	1333627587
22	12	3.468796511060916	1334422604
153	73	2.763229864052378	1334603145
146	65	2.4833168714235025	1334936646
34	68	3.5188190497405984	1335080177
140	2	2.839678860526553	1335243701
29	64	2.358991490247262	1335612662
136	89	3.6517579922487404	1335747541
113	25	5.0	1335896118
11	81	4.994938227453236	1335975742
139	100	3.3141542478072528	1336077344
2	76	3.673341664370408	1336109090
78	37	4.548707126416564	1336620078
166	96	5.0	1337814036
39	97	3.4328217099506446	1338124932
138	47	2.1645184309001086	1338186680
101	52	4.348430882205284	1338665573
74	28	3.438235800139871	1338923655
134	21	3.64358793650516	1339280083
29	51	3.8514799003522016	1339533920
6	10	2.369930660959642	1339999358
58	30	2.733343412216652	1340479452
54	14	3.220189657622994	1340677444
20	10	5.0	1340784925
189	40	3.6718393397935314	1341052630
7	76	4.811983738573947	1342375051
131	93	3.418477326898354	1342856690
53	8	4.2835896647986065	1342947475
111	47	3.0288753481821216	1343082593
127	14	4.106850593215671	1343266830
47	8	2.414849473442202	1343530469
144	20	5.0	1343996329
183	66	4.646440870400728	1344427666
101	47	4.943632003468814	1344531957
14	20	5.0	1344654275
72	27	2.3003024716346916	1345108072
79	39	1.3694335201927994	1345126677
174	57	4.790644460922547	1345133849
177	48	4.621857856230471	1345699657
40	37	2.151952888059833	1345790163
166	19	3.811109991143195	1345974291
16	28	5.0	1346189779
122	63	3.749308595641729	1346310307
151	41	4.257921849923619	1346851440
128	77	4.084412980472484	1346885689
168	36	2.882746813453077	1347002171
86	40	3.0903134073705028	1348013269
96	77	3.2158449020712028	1348173080
130	73	1.0121913434649206	1348257515
79	63	2.973752143482579	1348685850
152	28	3.716624975404619	1348925550
127	78	3.9726303458434056	1348997663
130	38	3.435815838711181	1349159265
129	23	2.2414950893246655	1349300372
141	66	4.192855755817812	1349365436
15	52	2.8230048615414685	1349563050
184	59	2.7106614942803255	1349639366
34	7	4.717959152305559	1350258841
77	60	4.692735165416415	1350336251
88	69	4.539111787420269	1350709083
59	59	3.46771938895053	1350808362
107	29	2.984781606191757	1350887543
82	29	2.9282539580439386	1350889754
71	52	1.399973492348376	1351037123
21	13	3.2843904214319775	1351382760
12	21	1.7214124159934832	1351827692
42	70	3.3893346314426704	1352664970
133	8	3.3271982626035355	1352882001
126	67	3.0480506280881223	1353463126
134	75	2.5298757396203566	1353511613
124	4	3.996873590507597	1353557942
26	55	2.4434423572397472	1353759527
152	31	4.183569323200477	1353900326
106	31	3.847561613803552	1353905950
91	98	2.2929783521427844	1354018255
51	75	2.2476065555868807	1354662252
162	31	2.765826201221504	1355398678
126	45	2.3828135382929974	1355844808
11	13	5.0	1356185068
139	75	2.8779651944456184	1356259095
32	57	2.2625733617774273	1356805774
98	85	2.6950335191474393	1356875261
53	8	2.700059493298066	1356881545
180	14	3.2653794300425862	1357256302
69	49	2.6317072681236335	1357834963
81	68	4.601322957735762	1357844296
101	25	3.4685608296252237	1357969309
96	34	5.0	1357980763
3	29	4.181359510442948	1358116505
61	10	1.8605158374745658	1358441345
145	24	3.8437878815498854	1358748278
103	99	2.056145183866458	1358879463
90	89	3.734024454353148	1358889533
188	87	3.3057308680214805	1359412320
28	15	3.0421516138175106	1359585478
18	10	5.0	1359756195
161	14	4.737438134684139	1359869229
54	28	2.671502975219754	1360322109
2	93	3.26049807797825	1360601100
17	46	1.7068935474654232	1361578668
22	48	3.769294752580734	1362019154
151	8	3.9621726660819427	1362505892
59	42	3.6904238899250577	1362591345
111	55	2.9533199154127345	1362990345
139	15	4.536087651046256	1363360601
52	32	4.231380252574993	1363534064
79	81	4.737653757511998	1363569724
74	15	2.6531490338746355	1364090327
65	82	3.9998641237403714	1364935140
125	95	2.66307929620372	1365587736
3	34	2.1331416367191736	1365812021
115	78	3.5819955564135606	1366349671
171	33	5.0	1366653730
146	51	1.481512135611362	1366985911
70	15	5.0	1367257129
70	37	2.5177059657453205	1367950431
29	28	3.2865432206495617	1368309721
148	22	5.0	1368574817
159	46	2.2064923747959044	1368618954
156	47	5.0	1368925050
34	91	3.0826331863949155	1368985906
47	54	4.275155494034783	1369005623
17	27	2.7044429320591177	1369562273
14	1	3.7243396567780827	1369610135
143	62	3.7127397758576604	1369790582
50	96	3.682501030599213	1370442639
2	11	2.351205964841344	1370548230
103	53	1.610350707903847	1370659793
81	60	4.151521991339505	1370666382
38	47	4.918531345148036	1370980045
36	4	4.723083067095325	1371165305
181	73	4.669589992427774	1371243084
92	4	2.8960193740307707	1371599039
120	36	3.272523740046592	1371792588
115	37	2.5757668557316955	1371820715
38	94	5.0	1372046521
126	29	4.730874513154735	1372365488
22	55	3.932959825360696	1372488995
189	15	3.500527958856597	1372867677
173	87	5.0	1373373456
129	21	3.9577728661518856	1373742418
57	91	4.950927548279212	1374244768
107	2	2.2195444289975335	1374276267
155	66	4.0731278132412	1374412825
95	25	2.8952553354617874	1375141240
9	4	3.9920188479927994	1375374865
8	88	4.966540859278603	1375563666
134	42	3.460980480622456	1375663063
41	73	2.6515713658091853	1375714312
177	35	3.8616610612470166	1375755850
39	30	2.486104047707462	1376433788
30	12	3.3832340842047532	1377505005
27	11	4.523709546106981	1377813941
103	43	2.543563623181991	1377853892
16	35	4.496858773465808	1377961348
92	5	3.938475738809727	1377980493
180	92	2.638296929743742	1378361363
113	99	2.0944329808213578	1379031832
1	18	2.8921247393241822	1379361738
155	74	5.0	1379871254
162	11	4.553985771182877	1379973068
133	85	5.0	1380141799
113	57	2.9444532205131333	1380209881
140	7	3.689479821221081	1380457419
120	41	3.3762673199002435	1380524816
49	91	3.975167746495382	1380661998
109	62	4.179142775438195	1380679562
29	21	2.3103333409096387	1380869305
158	24	1.6538121377619062	1381230385
30	3	3.0002698238483694	1382619921
94	93	3.263444712781054	1382832538
8	96	3.0127970788050726	1383357100
142	83	3.42433439567417	1383741261
29	92	4.478889558556779	1384596503
61	83	4.779518669760159	1384958969
98	73	4.451449277058087	1385340229
144	29	3.428400748141933	1385459695
154	50	4.3764556455029355	1385681389
99	77	3.4565230501861377	1385745357
69	12	3.9183982208886836	1386381635
157	20	4.015628088443957	1387398269
53	21	1.9833574505792089	1387465322
36	25	2.966399693560833	1387518118
45	87	3.10377032189824	1387746316
99	59	1.796128413173281	1388110649
103	8	5.0	1388523019
146	99	3.7531652380379814	1388730416
48	86	3.8220823107669855	1389022176
160	75	5.0	1389086876
137	31	5.0	1389150603
14	5	3.9547409121411343	1390811325
7	88	3.29747577293517	1390898640
176	26	2.7415046652999306	1391236709
147	73	1.0	1391734624
101	23	3.0205070326007566	1392112254
5	34	4.72921478429705	1392314552
40	1	4.659074064955898	1393375344
63	76	4.38233306232341	1393607175
91	47	2.914072326682245	1393711105
142	77	3.2514713819255507	1393995629
148	80	3.997743089091394	1394742734
184	70	4.478858050781795	1394827815
144	82	3.503375506597161	1394997249
113	49	2.8242919208383883	1395744368
107	40	3.3605537243190007	1396076134
131	35	2.3261200355910274	1396157985
154	51	3.949473912832307	1396537066
86	99	2.1006938251980585	1397539124
46	13	4.037629902949879	1397552642
57	79	4.728980502489062	1397635332
160	10	3.446879346982455	1397849636
16	26	3.2829829495756297	1398279397
4	56	1.8990960215234844	1398389424
27	89	2.5781401868746867	1398450991
117	46	4.449594571364488	1399405290
161	13	4.117005949576697	1399437147
6	96	3.6398872328391274	1400019296
113	80	2.766967004476011	1400086418
161	60	3.741321934916781	1400695417
119	9	4.340734482129549	1401285080
12	12	3.1171828103870314	1401562691
55	79	5.0	1401819134
88	4	5.0	1402157025
116	45	2.6846243716838787	1402952402
108	90	2.4803046802911433	1402964965
131	65	3.929340822801734	1403006862
49	23	3.6915773961940896	1403556412
128	67	3.37234531848181	1403696922
132	5	3.2125524805996446	1404136497
170	28	2.5993792653521313	1404495050
21	64	3.9535087125544672	1404529709
107	45	3.593372374276651	1405049060
39	10	2.554253939303219	1405503674
71	35	3.497596159081146	1405527173
47	8	3.6950249840281266	1405754392
152	95	4.193478911913994	1406074162
164	2	4.197903272539028	1406147784
33	83	3.8883120054234497	1406788421
128	88	3.760280506582886	1407574130
81	75	3.9164460381014528	1407833437
47	31	1.5877450245802232	1408374045
90	38	3.043879172525812	1408469661
175	58	3.215615350393491	1408605051
132	54	2.7811676123912696	1409769099
9	93	4.04711911517521	1409969588
152	91	4.461987189071841	1410001459
9	16	2.223695583461664	1410100740
131	13	3.1779718455079418	1410295855
42	93	1.0067291796699225	1410409399
92	19	4.103247500571394	1410852442
39	2	3.2365517839177507	1411143777
9	93	2.604930157723395	1411466470
23	60	3.0820904542341094	1411848183
124	99	2.1445524968877105	1412490446
152	70	3.6569729609684343	1412810239
37	5	2.5061373251651466	1413220589
76	83	4.432434870954667	1414199922
88	33	4.5613709648731335	1414406045
78	12	2.911133173261304	1414595987
2	86	3.6810627427710823	1415147547
123	13	3.9086073077017676	1415191751
175	19	5.0	1415493350
147	22	4.496118214911129	1415648059
187	70	4.03450564848055	1415732125
13	35	4.952616745486179	1415737861
12	3	1.2531106660153948	1415873172
42	26	3.499291405423354	1415899226
94	5	3.2933887203039536	1415928935
179	80	3.457176618688425	1416092231
12	61	5.0	1416261804
90	91	2.6718037270347654	1416313770
57	40	3.281346722564964	1417385899
86	62	5.0	1417494661
53	40	3.110076293440555	1417820558
9	100	4.862562852712452	1418288434
151	89	3.6906355912650244	1418459939
173	70	3.351030690232703	1418525584
80	78	5.0	1418666767
76	85	3.141970620253014	1418666925
120	49	3.016438516153463	1418724505
167	41	3.503695671847847	1419693468
72	85	1.0	1420029030
48	67	2.2542826235536157	1420228764
51	51	5.0	1420281208
97	27	3.407055793386412	1420449201
17	96	3.8295087355730093	1421239320
136	85	3.4066131411000518	1421443956
116	16	3.168691616816677	1421619343
116	5	4.90159859294643	1421742935
33	26	3.5344410117058414	1421912044
38	26	2.6695555934434347	1422051140
72	57	3.3378760245201415	1422424907
116	81	4.796063061781396	1422688358
110	44	2.964198536947702	1422721152
145	53	4.9313667818311835	1422729188
5	4	4.972670675750982	1423423536
97	79	2.501939372685587	1423937303
109	55	3.623078201656181	1424093707
40	90	3.9754306825266235	1424642091
132	38	4.385231482988991	1425261105
57	93	3.5300314791640823	1425646075
55	22	3.226006918170696	1426291265
94	12	2.8877632654922496	1426328501
117	23	3.4353113949674814	1426699710
151	90	2.2077373048943816	1426767800
122	96	3.0191662104880206	1426938365
82	33	2.861717273471506	1427197590
133	58	1.9644278767928942	1427338345
3	82	4.718970789793663	1427449591
29	52	3.6448878330968912	1427820376
108	30	2.581873016583425	1427883100
164	84	2.2608929243460993	1428408153
122	9	4.138660168643103	1428573280
55	68	4.381407528923571	1428983275
27	30	4.50163182520856	1429344337
61	62	4.947305699391807	1429615427
126	46	4.757149216862572	1429988922
74	19	4.98911310832829	1430221730
147	15	2.051408585366456	1430498413
145	60	4.433128072341069	1431187832
188	64	2.4841211730100214	1431554231
62	21	3.515618333949603	1432071989
141	98	2.8756546102867757	1432516013
26	30	2.9706678875516292	1432699789
164	59	2.621676922820261	1432736347
71	53	2.850626961678574	1433130556
41	98	1.0	1433252423
131	39	4.214609790636618	1433862778
154	53	4.268839675968897	1433967909
150	93	2.8417515876661517	1434233510
37	55	2.5100422074479862	1434406691
66	70	3.803818595604876	1434492122
14	55	4.073744421004413	1434629045
148	44	4.5294574815983575	1434647032
93	82	3.704758882401784	1434696661
151	91	3.919609972024118	1434715786
55	38	2.9823074271307854	1434769931
158	68	3.966545311450127	1435232095
99	84	2.1473297141564656	1435342262
84	35	4.5094717885959685	1435941324
73	71	2.7703975301925903	1435974283
31	76	3.4086004424908856	1436030411
101	46	2.2609472974733578	1436189018
144	23	2.17754204325643	1436630970
25	44	3.288333018068823	1436649809
137	75	3.9258436586298293	1436882970
104	15	4.603877343316258	1436979168
10	50	4.259712295484168	1437099843
157	33	5.0	1437161526
42	33	1.0	1437654505
170	2	3.534027411072232	1437753234
138	19	2.3159694417774404	1437993386
61	28	3.1648622188285485	1437993842
105	34	5.0	1438285050
136	34	2.6815713340579985	1438823876
73	54	5.0	1438928837
136	42	2.5362410737893892	1439262075
143	20	2.9835703561124283	1439803839
155	85	2.947079162632698	1439894863
86	46	3.7290746882057024	1440813510
160	89	3.6989481467964946	1441110380
179	53	2.5319542414897547	1441150657
68	20	4.0565531245337585	1441212079
62	85	5.0	1441552844
68	35	3.003067974882022	1441574524
70	26	3.033504620771802	1442760350
122	85	4.055512646342248	1443051829
111	20	3.51961665769399	1443071528
100	81	3.4119087559709267	1443104428
95	78	3.2706092559319724	1443550659
101	78	3.755383755674317	1443582856
4	82	2.6760645130280003	1443750244
135	49	2.497782981073275	1443883258
23	79	2.652366071380915	1444741108
124	92	4.051476275239523	1445004194
118	55	2.230669503453301	1445286201
75	44	2.8322204435311136	1445352719
100	51	4.16470274533311	1445363276
43	91	2.964664912983777	1445409654
56	19	1.0	1445778247
98	19	2.5066413004180492	1445894656
161	55	3.437995990633968	1446168087
176	59	3.3779428678787227	1446375089
98	77	4.928857707813568	1446461943
35	78	4.526986263319732	1448278968
15	33	3.836144963026229	1448454151
183	13	4.185507738790204	1448530370
75	63	3.583826627929361	1448567343
121	90	4.4134737320174064	1448618904
185	70	1.5298961822881645	1448631415
116	25	4.014254756017835	1449360154
155	32	2.997025229448657	1449387403
187	45	4.082737583173865	1449418142
15	51	2.4849058081721314	1449550425
81	49	3.4641744212935373	1449849140
145	17	2.6396149892204983	1450498948
92	35	5.0	1450721036
88	91	2.1114574461687887	1450939772
138	73	3.538237994960028	1451010864
62	17	3.970044187368202	1451070427
148	9	3.7837510236615013	1451181509
164	92	2.764696539318048	1451364701
54	72	3.962591292853951	1451595433
23	98	3.920094490451841	1452368737
64	75	1.888432640897172	1453086474
15	42	4.450015828669645	1453896564
119	13	3.1787572338820884	1454216702
104	3	2.2450773319977078	1454732391
5	2	5.0	1455656393
136	39	3.6847405788957244	1455696587
33	53	5.0	1455976536
93	43	5.0	1456515979
154	35	4.1927227551168595	1457140842
85	98	3.2211166058492435	1457368645
101	34	2.5953856250062337	1457656966
51	69	2.718843621868886	1457779870
67	63	4.276027913843476	1457909367
32	82	2.974120324104796	1458348432
75	45	3.993654847643151	1458672760
66	33	3.797244273380124	1458807321
122	37	5.0	1458829549
45	66	2.815370174239996	1459062540
104	60	3.40337632998511	1459393829
24	24	4.326047171441506	1460251586
94	38	1.0	1460604082
89	88	3.84670997760492	1461001103
145	84	3.5858930062933303	1461048761
140	97	2.3691115646740846	1461504478
25	66	3.675536229578598	1462953647
110	39	1.8126556528892896	1463062177
139	29	5.0	1463465080
25	4	5.0	1464137739
142	38	4.852202678867144	1464631599
15	35	3.037060487974742	1464684114
77	17	5.0	1465023940
59	89	5.0	1465373389
60	8	4.390383163519786	1465492113
150	41	2.3181258745791986	1466029957
63	50	2.664857098369977	1466391793
154	49	3.9322629506341555	1466413236
7	82	4.581766727672829	1466572798
110	47	2.6627375689502997	1467029912
125	98	5.0	1467786968
84	72	2.104210797807515	1468722809
71	53	3.9663583744463344	1469506574
160	13	3.349679539728128	1469664306
8	58	4.795871781863014	1470078654
189	94	3.757975981221181	1470366267
98	91	2.872686554048697	1471120136
81	30	3.3406377678540933	1472206865
99	8	3.6897061676103955	1472506028
92	31	5.0	1472528020
14	22	1.8687241845390545	1472897554
21	72	3.163613054588864	1473207391
146	65	4.341983695452127	1473493552
4	87	3.6948423402701382	1473722407
52	15	4.692507512477975	1473786667
39	94	4.50713333647316	1473804005
82	64	5.0	1473959143
39	40	5.0	1474070616
24	41	3.944198327290672	1474167268
153	28	5.0	1474401098
179	10	3.779267838216526	1474601923
132	47	3.550887701856018	1474681815
171	76	2.554493120057269	1474829513
56	4	4.432191564260385	1475492800
70	21	3.6235476959555823	1476090897
20	33	4.962195938717636	1476623023
5	56	4.103094684948833	1476644819
147	83	4.455300558237753	1477009231
55	90	2.9134687304360645	1477309233
53	80	4.313205186747977	1477312420
172	81	4.318777643754861	1477498469
54	67	3.476447849125762	1477523578
54	63	4.320158186755484	1477556978
84	38	2.8657141523105967	1477753434
12	54	3.8240570282215605	1477772184
115	24	2.975551863737348	1477948166
6	77	4.7002617497388295	1478460704
40	16	2.618931663338708	1478890726
118	60	2.643227906173207	1479081862
103	58	2.88234810456565	1479194777
116	30	3.5493083315202227	1479262318
49	33	4.311396554491592	1479439186
176	79	2.688999136371155	1479483156
90	28	4.165416823691778	1479623997
9	68	4.775390737999015	1479735625
117	9	1.3476164553908196	1480051650
185	89	3.8174532612501753	1480745561
112	27	3.958386703551484	1480868236
131	75	3.0211625439915957	1481076858
12	64	2.4226239230152418	1481095015
172	85	4.2833905092825955	1481580113
10	17	2.346667596794255	1482280871
74	48	3.5731969910016943	1482973773
92	3	2.714013967365018	1483833866
49	39	2.1341758445845613	1483924292
113	86	3.4519114926692276	1484540613
108	15	4.581984809249942	1484970066
48	18	3.5070631586281764	1485025835
13	92	3.9818660617184913	1485111604
42	32	2.033214809384323	1485139210
1	63	4.73000057271915	1485534931
51	72	4.005965553455865	1485555575
112	78	3.401154798760694	1485985542
50	28	2.03247473424756	1486137232
24	1	4.057691060725125	1486187550
19	16	2.842165446147863	1486337477
49	17	3.466387435296287	1487487729
155	57	4.277407352764511	1488227848
91	19	4.888337778208448	1488321627
50	61	2.893134822142825	1489232645
51	60	2.849976065593102	1489499826
150	13	2.8917734925552407	1489929722
140	25	2.874322712503788	1490921409
81	64	5.0	1490929280
184	39	2.547683619261203	1491088336
113	69	4.538378851019317	1491336245
84	56	3.9086528114806707	1491688367
14	74	3.5224658928120465	1491700412
178	19	3.184913268805891	1491732630
182	21	2.562074423463601	1491910526
154	92	4.098794389561911	1492055971
39	19	3.819651825918977	1492334561
84	25	4.723568882418627	1492397107
99	73	2.8479111114069395	1492620314
154	31	3.5180168720444467	1493709012
12	24	2.6096821519801283	1493810331
27	18	2.4960426279185013	1494711942
178	53	2.725385029981418	1494961990
47	62	3.419400250703239	1495327423
180	62	4.600821398422605	1495772681
63	99	5.0	1495813979
145	88	1.7481711932482809	1496094931
58	84	2.5979484456424897	1496910050
148	87	3.316803381279612	1497885328
32	2	4.221562505126143	1498454893
90	19	5.0	1498665929
21	14	4.317889658025028	1498798491
140	27	4.082026567084727	1498971199
89	91	3.3596249410946637	1499161852
1	25	4.1464895377257704	1499595633
78	40	2.683782755458035	1500096521
120	70	1.280699627252465	1500226156
158	22	5.0	1500514583
34	38	1.0	1500597812
114	47	4.178931290059278	1501120609
16	11	1.3100782950214467	1501592215
63	11	1.951039474946525	1502021493
83	32	2.3322204487320652	1502210717
47	49	4.379417041137403	1502332688
37	49	4.198828420202535	1502480326
42	10	1.0	1503594491
5	26	2.8823583230663035	1503612172
81	17	2.6232262187881554	1503907829
13	70	3.086394466578356	1503987852
2	36	4.00066572138121	1504526384
177	46	3.313103841838015	1504642498
118	41	2.9685454486407847	1504764530
82	99	3.8163583215361445	1505115558
62	79	3.0287362592974802	1505859032
138	3	3.7873289044030094	1506390796
137	4	3.724216404290793	1507180236
13	87	2.6869856277398703	1507923363
106	70	1.6420985486017128	1507956076
11	63	4.686734620177331	1508105006
17	35	2.3283456526824384	1508139155
34	63	3.6113726018400523	1508356547
181	51	3.3409547895999485	1508882837
93	86	3.4624293550205185	1509021241
75	41	2.7905589975724534	1509500311
72	33	1.7687986965550746	1509555351
73	45	3.966670981966081	1509782437
62	30	3.8123782104665715	1510001365
123	50	3.1425545771895727	1510941867
187	69	4.831339061988404	1511351776
117	88	3.88632331781156	1511370288
111	1	3.5511979018810855	1511608668
162	89	3.9912076654119963	1512592693
148	7	2.6372242359568796	1512695111
168	78	2.919351697446049	1512748047
133	11	2.740296882519713	1512923701
173	32	4.369156064389273	1513517630
36	42	2.9076440443479465	1513524815
96	91	3.0479096671669197	1513663808
166	87	2.348985916380493	1514077100
181	37	3.36993970644638	1514091785
75	74	3.670463770996571	1514173358
105	20	3.957280404615241	1514620124
126	36	3.718534042410946	1514991571
164	86	2.396330171469631	1515571298
187	44	2.4141748711148145	1516106364
84	64	1.9828263033283209	1516166050
24	82	3.7806364044901364	1516257149
147	1	2.6956842403400074	1516558300
39	63	2.5480815399777645	1517678232
134	54	3.419121502134539	1517822158
28	97	3.676820872139398	1517941891
36	83	3.811308673442885	1517969450
44	69	5.0	1518120721
55	51	5.0	1518209975
170	24	1.4244119909214668	1518453184
29	1	5.0	1518705222
47	42	3.9254448641841724	1518791026
5	55	4.219757942148182	1518839418
179	64	2.747564762646965	1519185436
125	74	4.828640828248231	1519349476
106	65	3.2450442064463023	1519708055
12	11	2.4674760964724607	1519946138
55	55	3.5452227089999826	1520064314
131	100	3.9581681147886987	1520291162
184	36	3.66048962397348	1520458268
105	24	3.5413256322706186	1520586904
64	33	4.818302324852669	1522209513
185	24	2.8684222708346687	1522708689
95	84	3.2001618037251194	1522782435
79	46	2.7162464788755716	1522916784
66	88	2.563493625210404	1522920349
111	78	3.406363811260829	1523050389
83	9	4.187065795858916	1523221844
28	49	4.411362722174721	1523801153
179	84	2.297850473923911	1524242619
189	65	3.04269834491321	1524285450
99	84	2.674589470021045	1524315931
49	49	3.0848997110366305	1524535944
132	67	4.2846042878980235	1524634699
35	28	3.9734718990352285	1524733933
130	75	4.079857285295132	1525098338
131	47	4.104120889588518	1525117251
143	26	4.072390311175676	1525264739
51	65	2.955885997885807	1525777640
97	74	2.7782624466627466	1526740929
33	43	3.3099609649985053	1526986718
11	32	1.57232742065439	1527254910
177	55	4.24990023942371	1527407227
72	99	3.2373404796838323	1527478171
41	32	1.4179012968110127	1527885770
154	22	3.694107630953358	1527970148
50	82	3.192191528861116	1528193883
57	69	3.7314459225255723	1528950349
178	95	3.087002177856566	1529418552
30	83	2.7152380918722967	1529553865
144	43	5.0	1529565922
63	35	2.8941391792411064	1529810899
15	35	3.1713815242510153	1530219828
103	48	3.645521197768241	1530227237
54	34	4.680640912452144	1530958742
137	61	4.054057771115907	1531083881
189	64	2.4410924129433997	1531215590
186	85	3.833859966568535	1531269296
6	68	2.7952715643891164	1531303314
60	80	3.237109170791732	1531812068
59	27	4.456703186385658	1531813127
62	64	2.5372674347153876	1531939592
60	11	4.15497558422169	1532168627
20	56	4.03335924470545	1532637674
172	29	2.838017822203391	1532663997
114	5	4.0472647973779665	1532728166
8	50	2.9517997018332274	1532988618
145	93	2.691734278359074	1533319192
110	95	5.0	1533575142
76	35	2.935225995829058	1533751546
148	17	3.6812511626020505	1533928199
133	72	1.4158870605014116	1533992726
21	58	4.376046792529794	1534046153
20	33	2.2073746528477374	1534177822
189	51	3.8933070500053235	1534932205
145	79	1.7141335080658888	1535293997
113	50	3.897927049946809	1536038829
149	37	2.388419750486449	1536104898
6	30	3.256616020624982	1536733158
97	16	2.8934966117842604	1537317532
156	5	2.2967991446108558	1537404932
59	13	3.777358461964676	1538018717
109	52	5.0	1538029205
72	21	3.0498107351485886	1538169622
145	17	3.102320306385396	1538591721
188	47	4.739584006441562	1539041085
10	64	2.7432360229840738	1539377572
131	86	3.9632885301181062	1539381515
103	22	3.3126709815936253	1539541872
41	60	2.903025713278926	1540437412
135	72	2.542849085104957	1540477050
65	41	3.7112836922794727	1541160053
40	37	2.8836385919605227	1541199719
111	66	2.7690437242845265	1541450559
129	99	3.5771564962177167	1541755682
78	67	2.535294574249285	1542024600
187	24	3.9447738078315946	1542056291
162	64	3.7430047220544	1542225870
142	81	3.8700611152689555	1542710297
99	90	2.9739651573324197	1542719099
106	8	3.715396505456288	1543285986
11	22	2.964683287432341	1543676727
11	53	3.873348559711398	1543992920
181	98	2.52463397272175	1543995358
152	60	3.999685110302934	1544050665
141	10	4.062880860174355	1544413241
12	68	3.3154746423441503	1544728177
85	39	2.402697472367156	1545137889
34	89	3.083805595114746	1545474306
32	46	3.720541427013867	1545758815
53	53	3.918205755887972	1545768718
152	44	4.952467534470745	1545813721
32	81	2.3928431831975483	1546126505
164	85	2.5083033365596896	1546262147
157	53	3.334368589682368	1546803365
68	69	2.3219591326236193	1547000331
41	61	4.588769654216672	1547137786
180	94	3.036838637914601	1547264327
163	11	2.282717307779521	1547323625
183	66	5.0	1547886246
25	90	2.4742473163597225	1548778351
1	59	3.9148655003619104	1548822287
118	92	2.3977078501635765	1549121286
78	4	1.8695267562848599	1549903477
61	87	3.0483405238403773	1550305276
172	84	5.0	1550367005
115	44	4.572978047766012	1550758726
3	48	4.106723059136183	1550941521
188	8	4.17286123596682	1551017342
89	70	2.7878261358239564	1551203690
6	12	4.070612997219531	1551325993
183	33	3.8674816654743043	1551832378
183	41	2.8213569387058968	1551974766
143	51	1.6599222554942472	1552153647
22	2	2.6303369187253054	1552525636
75	69	3.0863843343703574	1552776608
53	99	3.5795978623760365	1552855534
109	100	2.003470744909921	1552879957
166	46	4.501824853681937	1552902039
72	28	5.0	1553358079
158	28	4.899594645145793	1553605235
63	41	2.3569806879262716	1553914734
47	17	2.551083479175163	1553939732
54	49	3.276797745365195	1555307817
160	14	3.318775826781897	1555694392
147	23	3.730070759191402	1556048208
130	62	2.4281427669598443	1556222835
27	40	5.0	1557825976
186	68	2.5048515181466207	1558035369
90	16	3.186470313827602	1558377125
134	60	5.0	1558583569
53	2	4.122207144043402	1559153775
178	16	4.485449685615219	1559265903
7	73	5.0	1559965669
12	47	2.7829838508720637	1560500747
136	89	4.33019181186261	1560530565
104	48	4.749618905296667	1560819077
67	35	4.6243533598705024	1560842192
92	72	3.675211418908512	1560968745
117	94	2.457955587756897	1561331189
96	89	3.7658782296520483	1562039501
98	46	2.439394933603399	1562088239
88	43	3.424048976357477	1562641515
33	27	5.0	1562664274
123	74	4.068103205128646	1562848742
15	56	4.03629090951719	1562876477
146	54	2.8707366063072115	1563658455
46	26	3.6390603986534176	1564003901
73	85	3.758661147855388	1564409444
129	78	2.5755340118704457	1564980137
117	76	4.421801501977252	1565413956
37	38	2.674346317197858	1565950928
175	55	4.67171791471616	1566034418
126	58	2.6201856464979456	1566901298
104	41	3.1304730711666413	1566944490
51	58	4.00826863967459	1567086605
135	23	3.2714000846599816	1567676114
33	95	3.436475425384645	1567693285
181	4	4.1649271623017405	1567774479
65	95	3.9820667273353862	1568015460
46	21	1.0	1568020723
179	59	3.0840330720526414	1568446358
30	13	4.186318456956701	1568541061
122	22	3.1978194130173785	1568614763
33	53	4.616833775529955	1569400462
157	67	3.8011073391917423	1569870626
188	60	1.9462412339839357	1570895669
33	17	3.8291067787101296	1571263828
98	13	3.689328307292374	1571613567
49	58	3.1385372333060144	1571976540
126	41	2.150423788448468	1572181788
79	71	3.106947242938599	1572228902
104	38	3.658053489920132	1572516211
170	69	3.393662997468685	1572720307
141	4	4.328229690184623	1573303164
153	98	5.0	1573586578
187	92	2.3466494894040406	1573722563
178	97	3.6777501062680313	1573770528
46	12	5.0	1573901653
32	13	3.7327867429401635	1573910704
123	63	1.9649597524676403	1574218948
127	94	3.72899639245934	1574244597
160	77	3.9209729443893897	1574312995
164	75	3.9875602970867186	1574685286
188	31	3.006877177600228	1575148837
128	1	5.0	1575174488
99	68	4.987246155335927	1575310278
75	63	4.711943985386401	1575360027
1	2	2.5813134885139055	1575770876
36	24	3.163745261318928	1576174526
44	89	2.5460605806033554	1576203657
157	72	2.975337592933197	1576576674
107	14	4.635620147182944	1576606202
17	21	2.3517367112473817	1576679828
25	59	1.8619709425639832	1576917433
96	34	3.7522403964266773	1576981730
19	72	3.2573187231879666	1577174562
113	16	4.075205016106566	1577241382
36	41	4.221479323757343	1577523981
